2026/10/08 19:13:00.095, 1 %, 2211 MiB
2026/10/08 19:13:01.111, 1 %, 2202 MiB
2026/10/08 19:13:02.113, 1 %, 2195 MiB
2026/10/08 19:13:03.114, 1 %, 2188 MiB
2026/10/08 19:13:04.130, 1 %, 2207 MiB
2026/10/08 19:13:05.133, 0 %, 2641 MiB
2026/10/08 19:13:06.146, 0 %, 2634 MiB
2026/10/08 19:13:07.148, 1 %, 2635 MiB
2026/10/08 19:13:08.162, 0 %, 2633 MiB
2026/10/08 19:13:09.166, 0 %, 2625 MiB
2026/10/08 19:13:10.179, 0 %, 2639 MiB
2026/10/08 19:13:11.181, 0 %, 2640 MiB
2026/10/08 19:13:12.185, 1 %, 2660 MiB
2026/10/08 19:13:13.185, 1 %, 2657 MiB
2026/10/08 19:13:14.200, 1 %, 2657 MiB
2026/10/08 19:13:15.202, 1 %, 2648 MiB
2026/10/08 19:13:16.218, 1 %, 2652 MiB
2026/10/08 19:13:17.233, 1 %, 2646 MiB
2026/10/08 19:13:18.242, 1 %, 2646 MiB
2026/10/08 19:13:19.252, 5 %, 2650 MiB
2026/10/08 19:13:20.254, 1 %, 2654 MiB
2026/10/08 19:13:21.269, 1 %, 2656 MiB
2026/10/08 19:13:22.271, 5 %, 2654 MiB
2026/10/08 19:13:23.272, 1 %, 2652 MiB
2026/10/08 19:13:24.272, 1 %, 2651 MiB
2026/10/08 19:13:25.273, 3 %, 2651 MiB
2026/10/08 19:13:26.288, 1 %, 2645 MiB
2026/10/08 19:13:27.290, 1 %, 2644 MiB
2026/10/08 19:13:28.304, 1 %, 2644 MiB
2026/10/08 19:13:29.307, 1 %, 2639 MiB
2026/10/08 19:13:30.322, 3 %, 2965 MiB
2026/10/08 19:13:31.325, 12 %, 2965 MiB
2026/10/08 19:13:32.326, 16 %, 3151 MiB
2026/10/08 19:13:33.326, 12 %, 3151 MiB
2026/10/08 19:13:34.327, 13 %, 3151 MiB
2026/10/08 19:13:35.327, 13 %, 3161 MiB
2026/10/08 19:13:36.327, 14 %, 3161 MiB
2026/10/08 19:13:37.328, 16 %, 3194 MiB
2026/10/08 19:13:38.328, 14 %, 3210 MiB
2026/10/08 19:13:39.329, 19 %, 12155 MiB
2026/10/08 19:13:40.332, 20 %, 12766 MiB
2026/10/08 19:13:41.337, 19 %, 12763 MiB
2026/10/08 19:13:42.347, 20 %, 12745 MiB
2026/10/08 19:13:43.348, 19 %, 12744 MiB
2026/10/08 19:13:44.351, 18 %, 12743 MiB
2026/10/08 19:13:45.353, 18 %, 12745 MiB
2026/10/08 19:13:46.364, 20 %, 12741 MiB
2026/10/08 19:13:47.366, 18 %, 12741 MiB
2026/10/08 19:13:48.382, 20 %, 12736 MiB
2026/10/08 19:13:49.383, 23 %, 12760 MiB
2026/10/08 19:13:50.384, 22 %, 12759 MiB
2026/10/08 19:13:51.400, 28 %, 12754 MiB
2026/10/08 19:13:52.401, 36 %, 12950 MiB
2026/10/08 19:13:53.402, 21 %, 14421 MiB
2026/10/08 19:13:54.403, 16 %, 14410 MiB
2026/10/08 19:13:55.421, 18 %, 14407 MiB
2026/10/08 19:13:56.436, 19 %, 14409 MiB
2026/10/08 19:13:57.452, 21 %, 14409 MiB
2026/10/08 19:13:58.453, 19 %, 14398 MiB
2026/10/08 19:13:59.454, 25 %, 14398 MiB
2026/10/08 19:14:00.455, 22 %, 14396 MiB
2026/10/08 19:14:01.459, 20 %, 14385 MiB
2026/10/08 19:14:02.471, 23 %, 14385 MiB
2026/10/08 19:14:03.472, 21 %, 14385 MiB
2026/10/08 19:14:04.473, 19 %, 14385 MiB
2026/10/08 19:14:05.474, 24 %, 14385 MiB
2026/10/08 19:14:06.476, 21 %, 14385 MiB
2026/10/08 19:14:07.491, 24 %, 14385 MiB
2026/10/08 19:14:08.498, 19 %, 14404 MiB
2026/10/08 19:14:09.508, 21 %, 14406 MiB
2026/10/08 19:14:10.523, 17 %, 14408 MiB
2026/10/08 19:14:11.526, 21 %, 14409 MiB
2026/10/08 19:14:12.528, 18 %, 14409 MiB
2026/10/08 19:14:13.543, 19 %, 14406 MiB
2026/10/08 19:14:14.544, 19 %, 14396 MiB
2026/10/08 19:14:15.559, 21 %, 14397 MiB
2026/10/08 19:14:16.562, 16 %, 14395 MiB
2026/10/08 19:14:17.578, 21 %, 14396 MiB
2026/10/08 19:14:18.580, 19 %, 14396 MiB
2026/10/08 19:14:19.586, 17 %, 14409 MiB
2026/10/08 19:14:20.587, 21 %, 14409 MiB
2026/10/08 19:14:21.589, 22 %, 14407 MiB
2026/10/08 19:14:22.589, 23 %, 14407 MiB
2026/10/08 19:14:23.599, 21 %, 14402 MiB
2026/10/08 19:14:24.603, 22 %, 14393 MiB
2026/10/08 19:14:25.616, 20 %, 14402 MiB
2026/10/08 19:14:26.619, 22 %, 14402 MiB
2026/10/08 19:14:27.634, 22 %, 14405 MiB
2026/10/08 19:14:28.634, 36 %, 14407 MiB
2026/10/08 19:14:29.649, 35 %, 14407 MiB
2026/10/08 19:14:30.651, 35 %, 14404 MiB
2026/10/08 19:14:31.652, 99 %, 12615 MiB
2026/10/08 19:14:32.653, 99 %, 14397 MiB
2026/10/08 19:14:33.653, 5 %, 4778 MiB
2026/10/08 19:14:34.653, 11 %, 4778 MiB
2026/10/08 19:14:35.654, 13 %, 4953 MiB
2026/10/08 19:14:36.654, 12 %, 4953 MiB
2026/10/08 19:14:37.655, 12 %, 4952 MiB
2026/10/08 19:14:38.655, 12 %, 4954 MiB
2026/10/08 19:14:39.656, 12 %, 4954 MiB
2026/10/08 19:14:40.671, 14 %, 4946 MiB
2026/10/08 19:14:41.673, 0 %, 3038 MiB
2026/10/08 19:14:42.674, 13 %, 3038 MiB
2026/10/08 19:14:43.674, 43 %, 3242 MiB
2026/10/08 19:14:44.674, 12 %, 3242 MiB
2026/10/08 19:14:45.675, 12 %, 3249 MiB
2026/10/08 19:14:46.675, 9 %, 3251 MiB
2026/10/08 19:14:47.676, 14 %, 3243 MiB
2026/10/08 19:14:48.692, 14 %, 3230 MiB
2026/10/08 19:14:49.693, 0 %, 2988 MiB
2026/10/08 19:14:50.695, 13 %, 3050 MiB
2026/10/08 19:14:51.697, 13 %, 3138 MiB
2026/10/08 19:14:52.710, 12 %, 3201 MiB
2026/10/08 19:14:53.711, 12 %, 3201 MiB
2026/10/08 19:14:54.712, 13 %, 3201 MiB
2026/10/08 19:14:55.712, 12 %, 3203 MiB
2026/10/08 19:14:56.714, 13 %, 3203 MiB
2026/10/08 19:14:57.715, 12 %, 3135 MiB
2026/10/08 19:14:58.715, 0 %, 2961 MiB
2026/10/08 19:14:59.716, 0 %, 2871 MiB
2026/10/08 19:15:00.731, 0 %, 2184 MiB
2026/10/08 19:15:01.732, 0 %, 2184 MiB
2026/10/08 19:15:02.733, 1 %, 2206 MiB
2026/10/08 19:15:03.733, 1 %, 2206 MiB
2026/10/08 19:15:04.734, 1 %, 2197 MiB
2026/10/08 19:15:05.750, 1 %, 2197 MiB
2026/10/08 19:15:06.751, 1 %, 2197 MiB
2026/10/08 19:15:07.752, 1 %, 2193 MiB
2026/10/08 19:15:08.766, 1 %, 2191 MiB
2026/10/08 19:15:09.768, 1 %, 2191 MiB
2026/10/08 19:15:10.770, 1 %, 2191 MiB
2026/10/08 19:15:11.786, 1 %, 2191 MiB
2026/10/08 19:15:12.787, 1 %, 2195 MiB
2026/10/08 19:15:13.789, 1 %, 2195 MiB
2026/10/08 19:15:14.803, 1 %, 2191 MiB
2026/10/08 19:15:15.805, 1 %, 2191 MiB
2026/10/08 19:15:16.806, 1 %, 2191 MiB
2026/10/08 19:15:17.822, 1 %, 2191 MiB
2026/10/08 19:15:18.823, 1 %, 2191 MiB
2026/10/08 19:15:19.823, 1 %, 2190 MiB
2026/10/08 19:15:20.841, 1 %, 2190 MiB
2026/10/08 19:15:21.841, 1 %, 2190 MiB
2026/10/08 19:15:22.842, 1 %, 2189 MiB
2026/10/08 19:15:23.842, 1 %, 2197 MiB
2026/10/08 19:15:24.843, 1 %, 2206 MiB
2026/10/08 19:15:25.843, 1 %, 2206 MiB
2026/10/08 19:15:26.857, 1 %, 2206 MiB
2026/10/08 19:15:27.860, 1 %, 2208 MiB
2026/10/08 19:15:28.861, 1 %, 2196 MiB
2026/10/08 19:15:29.861, 1 %, 2196 MiB
2026/10/08 19:15:30.862, 1 %, 2196 MiB
2026/10/08 19:15:31.862, 1 %, 2224 MiB
2026/10/08 19:15:32.863, 0 %, 2640 MiB
2026/10/08 19:15:33.863, 0 %, 2640 MiB
2026/10/08 19:15:34.863, 0 %, 2640 MiB
2026/10/08 19:15:35.865, 0 %, 2643 MiB
2026/10/08 19:15:36.880, 0 %, 2643 MiB
2026/10/08 19:15:37.895, 0 %, 2643 MiB
2026/10/08 19:15:38.896, 0 %, 2642 MiB
2026/10/08 19:15:39.898, 1 %, 2642 MiB
2026/10/08 19:15:40.900, 1 %, 2642 MiB
2026/10/08 19:15:41.912, 16 %, 2981 MiB
2026/10/08 19:15:42.919, 17 %, 2986 MiB
2026/10/08 19:15:43.920, 0 %, 3136 MiB
2026/10/08 19:15:44.934, 0 %, 2202 MiB
2026/10/08 19:15:45.936, 0 %, 2202 MiB
2026/10/08 19:15:46.951, 0 %, 2196 MiB
2026/10/08 19:15:47.959, 1 %, 2196 MiB
2026/10/08 19:15:48.969, 1 %, 2214 MiB
2026/10/08 19:15:49.973, 1 %, 2208 MiB
2026/10/08 19:15:50.987, 1 %, 2214 MiB
