2026/10/08 18:21:03.677, 4 %, 1719 MiB
2026/10/08 18:21:04.680, 1 %, 1719 MiB
2026/10/08 18:21:05.681, 1 %, 1712 MiB
2026/10/08 18:21:06.696, 4 %, 1722 MiB
2026/10/08 18:21:07.697, 1 %, 1718 MiB
2026/10/08 18:21:08.697, 6 %, 1734 MiB
2026/10/08 18:21:09.698, 10 %, 1743 MiB
2026/10/08 18:21:10.702, 20 %, 1741 MiB
2026/10/08 18:21:11.715, 5 %, 1741 MiB
2026/10/08 18:21:12.716, 9 %, 1746 MiB
2026/10/08 18:21:13.717, 6 %, 1736 MiB
2026/10/08 18:21:14.733, 5 %, 1733 MiB
2026/10/08 18:21:15.748, 4 %, 1729 MiB
2026/10/08 18:21:16.751, 4 %, 1729 MiB
2026/10/08 18:21:17.751, 4 %, 1737 MiB
2026/10/08 18:21:18.752, 3 %, 1745 MiB
2026/10/08 18:21:19.767, 4 %, 1740 MiB
2026/10/08 18:21:20.769, 4 %, 1742 MiB
2026/10/08 18:21:21.771, 3 %, 1741 MiB
2026/10/08 18:21:22.787, 3 %, 1732 MiB
2026/10/08 18:21:23.787, 2 %, 1716 MiB
2026/10/08 18:21:24.788, 1 %, 1720 MiB
2026/10/08 18:21:25.788, 6 %, 1722 MiB
2026/10/08 18:21:26.802, 2 %, 1724 MiB
2026/10/08 18:21:27.805, 3 %, 1745 MiB
2026/10/08 18:21:28.806, 2 %, 1750 MiB
2026/10/08 18:21:29.807, 2 %, 1760 MiB
2026/10/08 18:21:30.808, 3 %, 1755 MiB
2026/10/08 18:21:31.808, 3 %, 1752 MiB
2026/10/08 18:21:32.824, 6 %, 1733 MiB
2026/10/08 18:21:33.825, 5 %, 1732 MiB
2026/10/08 18:21:34.826, 5 %, 1714 MiB
2026/10/08 18:21:35.841, 7 %, 1714 MiB
2026/10/08 18:21:36.845, 7 %, 1722 MiB
2026/10/08 18:21:37.860, 4 %, 1722 MiB
2026/10/08 18:21:38.861, 4 %, 1722 MiB
2026/10/08 18:21:39.863, 4 %, 3443 MiB
2026/10/08 18:21:40.877, 2 %, 3443 MiB
2026/10/08 18:21:41.879, 1 %, 3443 MiB
2026/10/08 18:21:42.881, 2 %, 3444 MiB
2026/10/08 18:21:43.895, 1 %, 3443 MiB
2026/10/08 18:21:44.896, 1 %, 3428 MiB
2026/10/08 18:21:45.896, 1 %, 3428 MiB
2026/10/08 18:21:46.897, 1 %, 3429 MiB
2026/10/08 18:21:47.898, 3 %, 3427 MiB
2026/10/08 18:21:48.898, 3 %, 3427 MiB
2026/10/08 18:21:49.900, 5 %, 3427 MiB
2026/10/08 18:21:50.915, 5 %, 3427 MiB
2026/10/08 18:21:51.916, 5 %, 3490 MiB
2026/10/08 18:21:52.932, 6 %, 3602 MiB
2026/10/08 18:21:53.933, 7 %, 3710 MiB
2026/10/08 18:21:54.933, 7 %, 3778 MiB
2026/10/08 18:21:55.933, 7 %, 3872 MiB
2026/10/08 18:21:56.935, 6 %, 3952 MiB
2026/10/08 18:21:57.950, 5 %, 4055 MiB
2026/10/08 18:21:58.955, 5 %, 4136 MiB
2026/10/08 18:21:59.958, 6 %, 4225 MiB
2026/10/08 18:22:00.970, 4 %, 4271 MiB
2026/10/08 18:22:01.970, 3 %, 4319 MiB
2026/10/08 18:22:02.970, 4 %, 4335 MiB
2026/10/08 18:22:03.971, 5 %, 4374 MiB
2026/10/08 18:22:04.973, 3 %, 4394 MiB
2026/10/08 18:22:05.974, 7 %, 4441 MiB
2026/10/08 18:22:06.989, 4 %, 4487 MiB
2026/10/08 18:22:07.990, 3 %, 4487 MiB
2026/10/08 18:22:09.006, 4 %, 4535 MiB
2026/10/08 18:22:10.007, 4 %, 4617 MiB
2026/10/08 18:22:11.008, 4 %, 4663 MiB
2026/10/08 18:22:12.009, 3 %, 4711 MiB
2026/10/08 18:22:13.009, 4 %, 4757 MiB
2026/10/08 18:22:14.025, 3 %, 4777 MiB
2026/10/08 18:22:15.025, 5 %, 4817 MiB
2026/10/08 18:22:16.026, 3 %, 4885 MiB
2026/10/08 18:22:17.027, 5 %, 4933 MiB
2026/10/08 18:22:18.029, 5 %, 4979 MiB
2026/10/08 18:22:19.044, 5 %, 5087 MiB
2026/10/08 18:22:20.045, 8 %, 5181 MiB
2026/10/08 18:22:21.045, 5 %, 5241 MiB
2026/10/08 18:22:22.061, 5 %, 5356 MiB
2026/10/08 18:22:23.076, 5 %, 5422 MiB
2026/10/08 18:22:24.079, 5 %, 5530 MiB
2026/10/08 18:22:25.080, 7 %, 5646 MiB
2026/10/08 18:22:26.082, 7 %, 5754 MiB
2026/10/08 18:22:27.096, 7 %, 5887 MiB
2026/10/08 18:22:28.099, 8 %, 6021 MiB
2026/10/08 18:22:29.113, 9 %, 6129 MiB
2026/10/08 18:22:30.115, 7 %, 6243 MiB
2026/10/08 18:22:31.117, 6 %, 6351 MiB
2026/10/08 18:22:32.118, 5 %, 6465 MiB
2026/10/08 18:22:33.118, 5 %, 6573 MiB
2026/10/08 18:22:34.132, 6 %, 6687 MiB
2026/10/08 18:22:35.135, 7 %, 6775 MiB
2026/10/08 18:22:36.151, 6 %, 6889 MiB
2026/10/08 18:22:37.153, 11 %, 6997 MiB
2026/10/08 18:22:38.154, 5 %, 7111 MiB
2026/10/08 18:22:39.154, 6 %, 7219 MiB
2026/10/08 18:22:40.169, 5 %, 7335 MiB
2026/10/08 18:22:41.170, 8 %, 7441 MiB
2026/10/08 18:22:42.172, 7 %, 7557 MiB
2026/10/08 18:22:43.173, 8 %, 7643 MiB
2026/10/08 18:22:44.173, 5 %, 7731 MiB
2026/10/08 18:22:45.188, 6 %, 7777 MiB
2026/10/08 18:22:46.190, 5 %, 7907 MiB
2026/10/08 18:22:47.205, 4 %, 8047 MiB
2026/10/08 18:22:48.207, 5 %, 8129 MiB
2026/10/08 18:22:49.208, 6 %, 8269 MiB
2026/10/08 18:22:50.209, 7 %, 8356 MiB
2026/10/08 18:22:51.224, 7 %, 8496 MiB
2026/10/08 18:22:52.226, 8 %, 8555 MiB
2026/10/08 18:22:53.227, 8 %, 8655 MiB
2026/10/08 18:22:54.243, 6 %, 8764 MiB
2026/10/08 18:22:55.245, 7 %, 8878 MiB
2026/10/08 18:22:56.245, 5 %, 8945 MiB
2026/10/08 18:22:57.247, 8 %, 9057 MiB
2026/10/08 18:22:58.262, 5 %, 9146 MiB
2026/10/08 18:22:59.263, 7 %, 9273 MiB
2026/10/08 18:23:00.265, 5 %, 9367 MiB
2026/10/08 18:23:01.280, 7 %, 9449 MiB
2026/10/08 18:23:02.282, 9 %, 9539 MiB
2026/10/08 18:23:03.283, 7 %, 9647 MiB
2026/10/08 18:23:04.297, 6 %, 9711 MiB
2026/10/08 18:23:05.298, 5 %, 9805 MiB
2026/10/08 18:23:06.300, 5 %, 9937 MiB
2026/10/08 18:23:07.303, 7 %, 10033 MiB
2026/10/08 18:23:08.314, 8 %, 10092 MiB
2026/10/08 18:23:09.318, 5 %, 10208 MiB
2026/10/08 18:23:10.333, 8 %, 10298 MiB
2026/10/08 18:23:11.334, 7 %, 10413 MiB
2026/10/08 18:23:12.336, 6 %, 10479 MiB
2026/10/08 18:23:13.351, 3 %, 10479 MiB
2026/10/08 18:23:14.353, 3 %, 10479 MiB
2026/10/08 18:23:15.353, 2 %, 10480 MiB
2026/10/08 18:23:16.354, 2 %, 10481 MiB
2026/10/08 18:23:17.369, 3 %, 10763 MiB
2026/10/08 18:23:18.371, 22 %, 11240 MiB
2026/10/08 18:23:19.372, 21 %, 12107 MiB
2026/10/08 18:23:20.372, 34 %, 12197 MiB
2026/10/08 18:23:21.375, 20 %, 12218 MiB
2026/10/08 18:23:22.378, 27 %, 12220 MiB
2026/10/08 18:23:23.390, 23 %, 12222 MiB
2026/10/08 18:23:24.391, 30 %, 12225 MiB
2026/10/08 18:23:25.391, 34 %, 12280 MiB
2026/10/08 18:23:26.393, 41 %, 12526 MiB
2026/10/08 18:23:27.399, 19 %, 12486 MiB
2026/10/08 18:23:28.409, 30 %, 12487 MiB
2026/10/08 18:23:29.410, 23 %, 12487 MiB
2026/10/08 18:23:30.424, 40 %, 12487 MiB
2026/10/08 18:23:31.436, 16 %, 12487 MiB
2026/10/08 18:23:32.443, 16 %, 12519 MiB
2026/10/08 18:23:33.444, 28 %, 12549 MiB
2026/10/08 18:23:34.445, 32 %, 12555 MiB
2026/10/08 18:23:35.446, 34 %, 12552 MiB
2026/10/08 18:23:36.461, 21 %, 12555 MiB
2026/10/08 18:23:37.464, 22 %, 12558 MiB
2026/10/08 18:23:38.465, 19 %, 12558 MiB
2026/10/08 18:23:39.466, 38 %, 12558 MiB
2026/10/08 18:23:40.481, 15 %, 12760 MiB
2026/10/08 18:23:41.482, 36 %, 12761 MiB
2026/10/08 18:23:42.491, 22 %, 12760 MiB
2026/10/08 18:23:43.499, 18 %, 12760 MiB
2026/10/08 18:23:44.514, 28 %, 12760 MiB
2026/10/08 18:23:45.515, 16 %, 12760 MiB
2026/10/08 18:23:46.527, 20 %, 12756 MiB
2026/10/08 18:23:47.533, 22 %, 12755 MiB
2026/10/08 18:23:48.534, 23 %, 12755 MiB
2026/10/08 18:23:49.534, 16 %, 12755 MiB
2026/10/08 18:23:50.550, 18 %, 12755 MiB
2026/10/08 18:23:51.553, 16 %, 12755 MiB
2026/10/08 18:23:52.553, 31 %, 12755 MiB
2026/10/08 18:23:53.555, 20 %, 12756 MiB
2026/10/08 18:23:54.570, 23 %, 12756 MiB
2026/10/08 18:23:55.571, 24 %, 12756 MiB
2026/10/08 18:23:56.575, 17 %, 12758 MiB
2026/10/08 18:23:57.589, 29 %, 12763 MiB
2026/10/08 18:23:58.589, 2 %, 12764 MiB
2026/10/08 18:23:59.605, 22 %, 12764 MiB
2026/10/08 18:24:00.606, 29 %, 12764 MiB
2026/10/08 18:24:01.608, 27 %, 12764 MiB
2026/10/08 18:24:02.608, 24 %, 12762 MiB
2026/10/08 18:24:03.608, 20 %, 12761 MiB
2026/10/08 18:24:04.609, 15 %, 12761 MiB
2026/10/08 18:24:05.610, 22 %, 12784 MiB
2026/10/08 18:24:06.625, 17 %, 12790 MiB
2026/10/08 18:24:07.631, 18 %, 12789 MiB
2026/10/08 18:24:08.646, 15 %, 12789 MiB
2026/10/08 18:24:09.660, 22 %, 12789 MiB
2026/10/08 18:24:10.661, 16 %, 12790 MiB
2026/10/08 18:24:11.662, 33 %, 12808 MiB
2026/10/08 18:24:12.669, 35 %, 12935 MiB
2026/10/08 18:24:13.671, 27 %, 12931 MiB
2026/10/08 18:24:14.680, 15 %, 12929 MiB
2026/10/08 18:24:15.682, 46 %, 12928 MiB
2026/10/08 18:24:16.687, 34 %, 12912 MiB
2026/10/08 18:24:17.698, 17 %, 12910 MiB
2026/10/08 18:24:18.714, 29 %, 12910 MiB
2026/10/08 18:24:19.719, 1 %, 12909 MiB
2026/10/08 18:24:20.731, 28 %, 12909 MiB
2026/10/08 18:24:21.732, 26 %, 12909 MiB
2026/10/08 18:24:22.733, 16 %, 12909 MiB
2026/10/08 18:24:23.734, 36 %, 12909 MiB
2026/10/08 18:24:24.735, 34 %, 12909 MiB
2026/10/08 18:24:25.751, 31 %, 12909 MiB
2026/10/08 18:24:26.751, 22 %, 13041 MiB
2026/10/08 18:24:27.765, 38 %, 13041 MiB
2026/10/08 18:24:28.769, 8 %, 13040 MiB
2026/10/08 18:24:29.784, 35 %, 13040 MiB
2026/10/08 18:24:30.786, 29 %, 13040 MiB
2026/10/08 18:24:31.787, 17 %, 13040 MiB
2026/10/08 18:24:32.788, 24 %, 13040 MiB
2026/10/08 18:24:33.804, 28 %, 13054 MiB
2026/10/08 18:24:34.809, 16 %, 13053 MiB
2026/10/08 18:24:35.825, 12 %, 13053 MiB
2026/10/08 18:24:36.838, 22 %, 13053 MiB
2026/10/08 18:24:37.841, 22 %, 13053 MiB
2026/10/08 18:24:38.856, 18 %, 13053 MiB
2026/10/08 18:24:39.872, 26 %, 13053 MiB
2026/10/08 18:24:40.874, 16 %, 13053 MiB
2026/10/08 18:24:41.876, 21 %, 13053 MiB
2026/10/08 18:24:42.891, 32 %, 13053 MiB
2026/10/08 18:24:43.892, 28 %, 13053 MiB
2026/10/08 18:24:44.893, 30 %, 13053 MiB
2026/10/08 18:24:45.894, 16 %, 13053 MiB
2026/10/08 18:24:46.910, 17 %, 13053 MiB
2026/10/08 18:24:47.917, 24 %, 13053 MiB
2026/10/08 18:24:48.927, 21 %, 13053 MiB
2026/10/08 18:24:49.928, 15 %, 13053 MiB
2026/10/08 18:24:50.928, 14 %, 13053 MiB
2026/10/08 18:24:51.931, 18 %, 13053 MiB
2026/10/08 18:24:52.946, 23 %, 13053 MiB
2026/10/08 18:24:53.955, 16 %, 13053 MiB
2026/10/08 18:24:54.963, 30 %, 13053 MiB
2026/10/08 18:24:55.964, 16 %, 13149 MiB
2026/10/08 18:24:56.965, 19 %, 13149 MiB
2026/10/08 18:24:57.979, 21 %, 13149 MiB
2026/10/08 18:24:58.982, 32 %, 13149 MiB
2026/10/08 18:24:59.983, 23 %, 13149 MiB
2026/10/08 18:25:00.984, 13 %, 13149 MiB
2026/10/08 18:25:01.999, 34 %, 13149 MiB
2026/10/08 18:25:03.000, 12 %, 13149 MiB
2026/10/08 18:25:04.011, 18 %, 13149 MiB
2026/10/08 18:25:05.017, 23 %, 13149 MiB
2026/10/08 18:25:06.020, 30 %, 13149 MiB
2026/10/08 18:25:07.021, 25 %, 13149 MiB
2026/10/08 18:25:08.035, 19 %, 13149 MiB
2026/10/08 18:25:09.045, 25 %, 13149 MiB
2026/10/08 18:25:10.053, 22 %, 13149 MiB
2026/10/08 18:25:11.055, 28 %, 13149 MiB
2026/10/08 18:25:12.071, 23 %, 13149 MiB
2026/10/08 18:25:13.075, 22 %, 13149 MiB
2026/10/08 18:25:14.088, 32 %, 13149 MiB
2026/10/08 18:25:15.089, 24 %, 13149 MiB
2026/10/08 18:25:16.094, 20 %, 13149 MiB
2026/10/08 18:25:17.106, 16 %, 13149 MiB
2026/10/08 18:25:18.107, 16 %, 13149 MiB
2026/10/08 18:25:19.108, 20 %, 13149 MiB
2026/10/08 18:25:20.109, 19 %, 13267 MiB
2026/10/08 18:25:21.123, 14 %, 13267 MiB
2026/10/08 18:25:22.137, 19 %, 13267 MiB
2026/10/08 18:25:23.141, 15 %, 13267 MiB
2026/10/08 18:25:24.148, 20 %, 13267 MiB
2026/10/08 18:25:25.159, 20 %, 13267 MiB
2026/10/08 18:25:26.160, 18 %, 13267 MiB
2026/10/08 18:25:27.172, 27 %, 13267 MiB
2026/10/08 18:25:28.178, 23 %, 13267 MiB
2026/10/08 18:25:29.180, 18 %, 13267 MiB
2026/10/08 18:25:30.193, 16 %, 13267 MiB
2026/10/08 18:25:31.198, 23 %, 13267 MiB
2026/10/08 18:25:32.199, 26 %, 13267 MiB
2026/10/08 18:25:33.214, 25 %, 13267 MiB
2026/10/08 18:25:34.214, 17 %, 13267 MiB
2026/10/08 18:25:35.215, 27 %, 13267 MiB
2026/10/08 18:25:36.216, 40 %, 13267 MiB
2026/10/08 18:25:37.216, 15 %, 13267 MiB
2026/10/08 18:25:38.219, 13 %, 13267 MiB
2026/10/08 18:25:39.234, 20 %, 13267 MiB
2026/10/08 18:25:40.244, 24 %, 13267 MiB
2026/10/08 18:25:41.252, 21 %, 13267 MiB
2026/10/08 18:25:42.252, 17 %, 13267 MiB
2026/10/08 18:25:43.253, 20 %, 13267 MiB
2026/10/08 18:25:44.253, 14 %, 13267 MiB
2026/10/08 18:25:45.269, 21 %, 13267 MiB
2026/10/08 18:25:46.270, 26 %, 13267 MiB
2026/10/08 18:25:47.285, 43 %, 13267 MiB
2026/10/08 18:25:48.289, 19 %, 13267 MiB
2026/10/08 18:25:49.301, 31 %, 13267 MiB
2026/10/08 18:25:50.304, 17 %, 13267 MiB
2026/10/08 18:25:51.305, 19 %, 13267 MiB
2026/10/08 18:25:52.306, 36 %, 13267 MiB
2026/10/08 18:25:53.312, 35 %, 13267 MiB
2026/10/08 18:25:54.323, 24 %, 13267 MiB
2026/10/08 18:25:55.332, 41 %, 13267 MiB
2026/10/08 18:25:56.341, 18 %, 13267 MiB
2026/10/08 18:25:57.343, 32 %, 13267 MiB
2026/10/08 18:25:58.358, 16 %, 13267 MiB
2026/10/08 18:25:59.359, 26 %, 13267 MiB
2026/10/08 18:26:00.373, 30 %, 13267 MiB
2026/10/08 18:26:01.377, 22 %, 13267 MiB
2026/10/08 18:26:02.378, 20 %, 13267 MiB
2026/10/08 18:26:03.390, 34 %, 13267 MiB
2026/10/08 18:26:04.394, 32 %, 13267 MiB
2026/10/08 18:26:05.410, 22 %, 13271 MiB
2026/10/08 18:26:06.412, 21 %, 13271 MiB
2026/10/08 18:26:07.427, 33 %, 13268 MiB
2026/10/08 18:26:08.430, 25 %, 13270 MiB
2026/10/08 18:26:09.443, 9 %, 13270 MiB
2026/10/08 18:26:10.448, 19 %, 13269 MiB
2026/10/08 18:26:11.449, 16 %, 13269 MiB
2026/10/08 18:26:12.465, 25 %, 13274 MiB
2026/10/08 18:26:13.480, 20 %, 13273 MiB
2026/10/08 18:26:14.495, 17 %, 13272 MiB
2026/10/08 18:26:15.497, 18 %, 13272 MiB
2026/10/08 18:26:16.513, 31 %, 13272 MiB
2026/10/08 18:26:17.517, 13 %, 13267 MiB
2026/10/08 18:26:18.533, 22 %, 13267 MiB
2026/10/08 18:26:19.535, 22 %, 13267 MiB
2026/10/08 18:26:20.536, 38 %, 13345 MiB
2026/10/08 18:26:21.552, 21 %, 13373 MiB
2026/10/08 18:26:22.564, 26 %, 13373 MiB
2026/10/08 18:26:23.574, 20 %, 13373 MiB
2026/10/08 18:26:24.586, 17 %, 13373 MiB
2026/10/08 18:26:25.587, 22 %, 13373 MiB
2026/10/08 18:26:26.588, 24 %, 13373 MiB
2026/10/08 18:26:27.590, 14 %, 13373 MiB
2026/10/08 18:26:28.601, 18 %, 13378 MiB
2026/10/08 18:26:29.606, 20 %, 13378 MiB
2026/10/08 18:26:30.607, 1 %, 13378 MiB
2026/10/08 18:26:31.608, 17 %, 13378 MiB
2026/10/08 18:26:32.609, 16 %, 13383 MiB
2026/10/08 18:26:33.624, 17 %, 13382 MiB
2026/10/08 18:26:34.630, 20 %, 13381 MiB
2026/10/08 18:26:35.633, 25 %, 13381 MiB
2026/10/08 18:26:36.642, 30 %, 13381 MiB
2026/10/08 18:26:37.647, 45 %, 13386 MiB
2026/10/08 18:26:38.659, 16 %, 13384 MiB
2026/10/08 18:26:39.661, 34 %, 13384 MiB
2026/10/08 18:26:40.670, 26 %, 13385 MiB
2026/10/08 18:26:41.673, 33 %, 13385 MiB
2026/10/08 18:26:42.676, 29 %, 13381 MiB
2026/10/08 18:26:43.678, 34 %, 13381 MiB
2026/10/08 18:26:44.681, 29 %, 13375 MiB
2026/10/08 18:26:45.696, 19 %, 13375 MiB
2026/10/08 18:26:46.697, 23 %, 13375 MiB
2026/10/08 18:26:47.713, 22 %, 13375 MiB
2026/10/08 18:26:48.714, 15 %, 13375 MiB
2026/10/08 18:26:49.715, 14 %, 13497 MiB
2026/10/08 18:26:50.716, 15 %, 13497 MiB
2026/10/08 18:26:51.717, 0 %, 13497 MiB
2026/10/08 18:26:52.718, 18 %, 13497 MiB
2026/10/08 18:26:53.733, 21 %, 13497 MiB
2026/10/08 18:26:54.734, 18 %, 13497 MiB
2026/10/08 18:26:55.735, 20 %, 13497 MiB
2026/10/08 18:26:56.737, 40 %, 13497 MiB
2026/10/08 18:26:57.750, 40 %, 13497 MiB
2026/10/08 18:26:58.756, 21 %, 13497 MiB
2026/10/08 18:26:59.770, 38 %, 13502 MiB
2026/10/08 18:27:00.772, 28 %, 13502 MiB
2026/10/08 18:27:01.787, 31 %, 13503 MiB
2026/10/08 18:27:02.787, 38 %, 13506 MiB
2026/10/08 18:27:03.788, 16 %, 13508 MiB
2026/10/08 18:27:04.789, 22 %, 13507 MiB
2026/10/08 18:27:05.789, 16 %, 13507 MiB
2026/10/08 18:27:06.790, 18 %, 13507 MiB
2026/10/08 18:27:07.806, 18 %, 13505 MiB
2026/10/08 18:27:08.807, 18 %, 13508 MiB
2026/10/08 18:27:09.822, 19 %, 13507 MiB
2026/10/08 18:27:10.824, 4 %, 13507 MiB
2026/10/08 18:27:11.833, 29 %, 13507 MiB
2026/10/08 18:27:12.843, 27 %, 13507 MiB
2026/10/08 18:27:13.859, 29 %, 13501 MiB
2026/10/08 18:27:14.860, 19 %, 13504 MiB
2026/10/08 18:27:15.874, 38 %, 13504 MiB
2026/10/08 18:27:16.878, 25 %, 13504 MiB
2026/10/08 18:27:17.878, 28 %, 13504 MiB
2026/10/08 18:27:18.879, 26 %, 13504 MiB
2026/10/08 18:27:19.879, 31 %, 13499 MiB
2026/10/08 18:27:20.879, 2 %, 13506 MiB
2026/10/08 18:27:21.894, 19 %, 13506 MiB
2026/10/08 18:27:22.896, 33 %, 13506 MiB
2026/10/08 18:27:23.897, 18 %, 13506 MiB
2026/10/08 18:27:24.898, 36 %, 13506 MiB
2026/10/08 18:27:25.914, 23 %, 13500 MiB
2026/10/08 18:27:26.915, 29 %, 13506 MiB
2026/10/08 18:27:27.915, 28 %, 13506 MiB
2026/10/08 18:27:28.915, 22 %, 13511 MiB
2026/10/08 18:27:29.917, 21 %, 13511 MiB
2026/10/08 18:27:30.917, 18 %, 13511 MiB
2026/10/08 18:27:31.932, 35 %, 13504 MiB
2026/10/08 18:27:32.934, 29 %, 13504 MiB
2026/10/08 18:27:33.935, 21 %, 13505 MiB
2026/10/08 18:27:34.940, 22 %, 13506 MiB
2026/10/08 18:27:35.951, 39 %, 13506 MiB
2026/10/08 18:27:36.960, 22 %, 13506 MiB
2026/10/08 18:27:37.961, 17 %, 13504 MiB
2026/10/08 18:27:38.963, 19 %, 13504 MiB
2026/10/08 18:27:39.971, 20 %, 13504 MiB
2026/10/08 18:27:40.972, 17 %, 13503 MiB
2026/10/08 18:27:41.976, 18 %, 13503 MiB
2026/10/08 18:27:42.988, 22 %, 13503 MiB
2026/10/08 18:27:43.989, 21 %, 13503 MiB
2026/10/08 18:27:44.990, 18 %, 13503 MiB
2026/10/08 18:27:45.996, 30 %, 13498 MiB
2026/10/08 18:27:47.006, 14 %, 13498 MiB
2026/10/08 18:27:48.008, 16 %, 13498 MiB
2026/10/08 18:27:49.024, 22 %, 13498 MiB
2026/10/08 18:27:50.025, 32 %, 13498 MiB
2026/10/08 18:27:51.026, 23 %, 13498 MiB
2026/10/08 18:27:52.041, 41 %, 13498 MiB
2026/10/08 18:27:53.042, 23 %, 13498 MiB
2026/10/08 18:27:54.043, 24 %, 13498 MiB
2026/10/08 18:27:55.045, 29 %, 13498 MiB
2026/10/08 18:27:56.056, 22 %, 13498 MiB
2026/10/08 18:27:57.061, 32 %, 13498 MiB
2026/10/08 18:27:58.062, 17 %, 13498 MiB
2026/10/08 18:27:59.076, 27 %, 13498 MiB
2026/10/08 18:28:00.080, 22 %, 13498 MiB
2026/10/08 18:28:01.095, 17 %, 13498 MiB
2026/10/08 18:28:02.097, 7 %, 13498 MiB
2026/10/08 18:28:03.098, 18 %, 13497 MiB
2026/10/08 18:28:04.099, 26 %, 13497 MiB
2026/10/08 18:28:05.103, 20 %, 13497 MiB
2026/10/08 18:28:06.113, 18 %, 13497 MiB
2026/10/08 18:28:07.114, 16 %, 13497 MiB
2026/10/08 18:28:08.130, 23 %, 13497 MiB
2026/10/08 18:28:09.144, 22 %, 13496 MiB
2026/10/08 18:28:10.150, 31 %, 13494 MiB
2026/10/08 18:28:11.151, 15 %, 13494 MiB
2026/10/08 18:28:12.152, 14 %, 13494 MiB
2026/10/08 18:28:13.153, 14 %, 13494 MiB
2026/10/08 18:28:14.167, 20 %, 13494 MiB
2026/10/08 18:28:15.181, 34 %, 13494 MiB
2026/10/08 18:28:16.186, 18 %, 13494 MiB
2026/10/08 18:28:17.187, 18 %, 13494 MiB
2026/10/08 18:28:18.188, 30 %, 13494 MiB
2026/10/08 18:28:19.189, 22 %, 13494 MiB
2026/10/08 18:28:20.196, 22 %, 13494 MiB
2026/10/08 18:28:21.206, 15 %, 13494 MiB
2026/10/08 18:28:22.221, 15 %, 13494 MiB
2026/10/08 18:28:23.224, 29 %, 13494 MiB
2026/10/08 18:28:24.230, 25 %, 13494 MiB
2026/10/08 18:28:25.240, 20 %, 13494 MiB
2026/10/08 18:28:26.242, 17 %, 13494 MiB
2026/10/08 18:28:27.252, 15 %, 13494 MiB
2026/10/08 18:28:28.257, 15 %, 13494 MiB
2026/10/08 18:28:29.259, 19 %, 13494 MiB
2026/10/08 18:28:30.259, 18 %, 13494 MiB
2026/10/08 18:28:31.260, 18 %, 13494 MiB
2026/10/08 18:28:32.274, 11 %, 13494 MiB
2026/10/08 18:28:33.278, 17 %, 13494 MiB
2026/10/08 18:28:34.293, 29 %, 13494 MiB
2026/10/08 18:28:35.294, 24 %, 13494 MiB
2026/10/08 18:28:36.296, 19 %, 13494 MiB
2026/10/08 18:28:37.297, 17 %, 13496 MiB
2026/10/08 18:28:38.297, 16 %, 13496 MiB
2026/10/08 18:28:39.298, 27 %, 13496 MiB
2026/10/08 18:28:40.298, 21 %, 13496 MiB
2026/10/08 18:28:41.299, 22 %, 13496 MiB
2026/10/08 18:28:42.299, 20 %, 13496 MiB
2026/10/08 18:28:43.299, 15 %, 13523 MiB
2026/10/08 18:28:44.300, 19 %, 13523 MiB
2026/10/08 18:28:45.303, 17 %, 13498 MiB
2026/10/08 18:28:46.316, 17 %, 13498 MiB
2026/10/08 18:28:47.318, 22 %, 13498 MiB
2026/10/08 18:28:48.318, 18 %, 13498 MiB
2026/10/08 18:28:49.333, 18 %, 13517 MiB
2026/10/08 18:28:50.334, 19 %, 13517 MiB
2026/10/08 18:28:51.335, 20 %, 13508 MiB
2026/10/08 18:28:52.337, 16 %, 13508 MiB
2026/10/08 18:28:53.351, 17 %, 13508 MiB
2026/10/08 18:28:54.353, 15 %, 13508 MiB
2026/10/08 18:28:55.354, 14 %, 13508 MiB
2026/10/08 18:28:56.361, 16 %, 13508 MiB
2026/10/08 18:28:57.369, 18 %, 13508 MiB
2026/10/08 18:28:58.370, 17 %, 13508 MiB
2026/10/08 18:28:59.379, 20 %, 13508 MiB
2026/10/08 18:29:00.389, 21 %, 13508 MiB
2026/10/08 18:29:01.392, 16 %, 13508 MiB
2026/10/08 18:29:02.407, 21 %, 13508 MiB
2026/10/08 18:29:03.410, 30 %, 13508 MiB
2026/10/08 18:29:04.422, 19 %, 13508 MiB
2026/10/08 18:29:05.426, 40 %, 13508 MiB
2026/10/08 18:29:06.442, 17 %, 13508 MiB
2026/10/08 18:29:07.443, 24 %, 13508 MiB
2026/10/08 18:29:08.443, 19 %, 13508 MiB
2026/10/08 18:29:09.460, 24 %, 13508 MiB
2026/10/08 18:29:10.460, 11 %, 13508 MiB
2026/10/08 18:29:11.461, 24 %, 13508 MiB
2026/10/08 18:29:12.462, 17 %, 13508 MiB
2026/10/08 18:29:13.462, 21 %, 13523 MiB
2026/10/08 18:29:14.478, 19 %, 13523 MiB
2026/10/08 18:29:15.479, 29 %, 13493 MiB
2026/10/08 18:29:16.494, 19 %, 13493 MiB
2026/10/08 18:29:17.496, 16 %, 13493 MiB
2026/10/08 18:29:18.508, 16 %, 13493 MiB
2026/10/08 18:29:19.513, 34 %, 13493 MiB
2026/10/08 18:29:20.514, 21 %, 13493 MiB
2026/10/08 18:29:21.522, 28 %, 13493 MiB
2026/10/08 18:29:22.528, 27 %, 13493 MiB
2026/10/08 18:29:23.531, 23 %, 13493 MiB
2026/10/08 18:29:24.533, 25 %, 13493 MiB
2026/10/08 18:29:25.535, 12 %, 13493 MiB
2026/10/08 18:29:26.549, 19 %, 13493 MiB
2026/10/08 18:29:27.553, 26 %, 13493 MiB
2026/10/08 18:29:28.565, 37 %, 13493 MiB
2026/10/08 18:29:29.569, 37 %, 13493 MiB
2026/10/08 18:29:30.571, 21 %, 13493 MiB
2026/10/08 18:29:31.587, 24 %, 13493 MiB
2026/10/08 18:29:32.593, 18 %, 13493 MiB
2026/10/08 18:29:33.605, 24 %, 13493 MiB
2026/10/08 18:29:34.620, 13 %, 13493 MiB
2026/10/08 18:29:35.635, 18 %, 13493 MiB
2026/10/08 18:29:36.639, 23 %, 13493 MiB
2026/10/08 18:29:37.640, 26 %, 13493 MiB
2026/10/08 18:29:38.641, 23 %, 13493 MiB
2026/10/08 18:29:39.656, 31 %, 13493 MiB
2026/10/08 18:29:40.657, 15 %, 13493 MiB
2026/10/08 18:29:41.657, 25 %, 13493 MiB
2026/10/08 18:29:42.658, 26 %, 13480 MiB
2026/10/08 18:29:43.658, 33 %, 13480 MiB
2026/10/08 18:29:44.660, 21 %, 13494 MiB
2026/10/08 18:29:45.676, 33 %, 13494 MiB
2026/10/08 18:29:46.676, 40 %, 13493 MiB
2026/10/08 18:29:47.677, 21 %, 13493 MiB
2026/10/08 18:29:48.679, 17 %, 13499 MiB
2026/10/08 18:29:49.679, 17 %, 13499 MiB
2026/10/08 18:29:50.681, 18 %, 13499 MiB
2026/10/08 18:29:51.682, 16 %, 13499 MiB
2026/10/08 18:29:52.682, 14 %, 13502 MiB
2026/10/08 18:29:53.696, 24 %, 13496 MiB
2026/10/08 18:29:54.697, 18 %, 13496 MiB
2026/10/08 18:29:55.704, 21 %, 13496 MiB
2026/10/08 18:29:56.714, 18 %, 13496 MiB
2026/10/08 18:29:57.716, 19 %, 13503 MiB
2026/10/08 18:29:58.716, 19 %, 13503 MiB
2026/10/08 18:29:59.732, 16 %, 13503 MiB
2026/10/08 18:30:00.733, 36 %, 13503 MiB
2026/10/08 18:30:01.734, 15 %, 13503 MiB
2026/10/08 18:30:02.735, 29 %, 13502 MiB
2026/10/08 18:30:03.735, 18 %, 13502 MiB
2026/10/08 18:30:04.736, 17 %, 13502 MiB
2026/10/08 18:30:05.736, 36 %, 13502 MiB
2026/10/08 18:30:06.737, 29 %, 13502 MiB
2026/10/08 18:30:07.753, 22 %, 13496 MiB
2026/10/08 18:30:08.765, 43 %, 13475 MiB
2026/10/08 18:30:09.767, 32 %, 13476 MiB
2026/10/08 18:30:10.768, 26 %, 13489 MiB
2026/10/08 18:30:11.781, 26 %, 13489 MiB
2026/10/08 18:30:12.792, 24 %, 13513 MiB
2026/10/08 18:30:13.796, 27 %, 13509 MiB
2026/10/08 18:30:14.810, 23 %, 13496 MiB
2026/10/08 18:30:15.822, 40 %, 13498 MiB
2026/10/08 18:30:16.831, 15 %, 13493 MiB
2026/10/08 18:30:17.843, 22 %, 13490 MiB
2026/10/08 18:30:18.844, 22 %, 13490 MiB
2026/10/08 18:30:19.848, 21 %, 13489 MiB
2026/10/08 18:30:20.851, 34 %, 13490 MiB
2026/10/08 18:30:21.855, 14 %, 13490 MiB
2026/10/08 18:30:22.859, 21 %, 13498 MiB
2026/10/08 18:30:23.867, 21 %, 13498 MiB
2026/10/08 18:30:24.871, 22 %, 13494 MiB
2026/10/08 18:30:25.875, 25 %, 13484 MiB
2026/10/08 18:30:26.888, 21 %, 13484 MiB
2026/10/08 18:30:27.898, 13 %, 13476 MiB
2026/10/08 18:30:28.905, 17 %, 13473 MiB
2026/10/08 18:30:29.912, 17 %, 13473 MiB
2026/10/08 18:30:30.927, 29 %, 13473 MiB
2026/10/08 18:30:31.931, 17 %, 13473 MiB
2026/10/08 18:30:32.939, 19 %, 13473 MiB
2026/10/08 18:30:33.948, 17 %, 13473 MiB
2026/10/08 18:30:34.959, 36 %, 13473 MiB
2026/10/08 18:30:35.969, 22 %, 13473 MiB
2026/10/08 18:30:36.975, 28 %, 13473 MiB
2026/10/08 18:30:37.988, 21 %, 13473 MiB
2026/10/08 18:30:38.995, 36 %, 13473 MiB
2026/10/08 18:30:40.006, 31 %, 13473 MiB
2026/10/08 18:30:41.017, 25 %, 13473 MiB
2026/10/08 18:30:42.028, 27 %, 13473 MiB
2026/10/08 18:30:43.038, 19 %, 13473 MiB
2026/10/08 18:30:44.043, 19 %, 13473 MiB
2026/10/08 18:30:45.051, 16 %, 13473 MiB
2026/10/08 18:30:46.057, 22 %, 13473 MiB
2026/10/08 18:30:47.068, 18 %, 13473 MiB
2026/10/08 18:30:48.083, 19 %, 13473 MiB
2026/10/08 18:30:49.089, 31 %, 13475 MiB
2026/10/08 18:30:50.100, 29 %, 13473 MiB
2026/10/08 18:30:51.115, 33 %, 13473 MiB
2026/10/08 18:30:52.128, 36 %, 13473 MiB
2026/10/08 18:30:53.139, 29 %, 13473 MiB
2026/10/08 18:30:54.147, 34 %, 13473 MiB
2026/10/08 18:30:55.157, 0 %, 13473 MiB
2026/10/08 18:30:56.169, 34 %, 13473 MiB
2026/10/08 18:30:57.179, 29 %, 13473 MiB
2026/10/08 18:30:58.191, 34 %, 13473 MiB
2026/10/08 18:30:59.195, 25 %, 13473 MiB
2026/10/08 18:31:00.199, 34 %, 13473 MiB
2026/10/08 18:31:01.208, 16 %, 13473 MiB
2026/10/08 18:31:02.217, 35 %, 13473 MiB
2026/10/08 18:31:03.224, 37 %, 13473 MiB
2026/10/08 18:31:04.240, 16 %, 13473 MiB
2026/10/08 18:31:05.248, 15 %, 13473 MiB
2026/10/08 18:31:06.255, 37 %, 13473 MiB
2026/10/08 18:31:07.266, 34 %, 13473 MiB
2026/10/08 18:31:08.277, 15 %, 13473 MiB
2026/10/08 18:31:09.292, 16 %, 13473 MiB
2026/10/08 18:31:10.304, 20 %, 13473 MiB
2026/10/08 18:31:11.317, 0 %, 13473 MiB
2026/10/08 18:31:12.325, 34 %, 13473 MiB
2026/10/08 18:31:13.334, 14 %, 13473 MiB
2026/10/08 18:31:14.344, 27 %, 13473 MiB
2026/10/08 18:31:15.353, 33 %, 13473 MiB
2026/10/08 18:31:16.361, 19 %, 13473 MiB
2026/10/08 18:31:17.372, 35 %, 13473 MiB
2026/10/08 18:31:18.384, 1 %, 13473 MiB
2026/10/08 18:31:19.395, 30 %, 13473 MiB
2026/10/08 18:31:20.404, 15 %, 13473 MiB
2026/10/08 18:31:21.409, 30 %, 13473 MiB
2026/10/08 18:31:22.417, 23 %, 13473 MiB
2026/10/08 18:31:23.428, 16 %, 13473 MiB
2026/10/08 18:31:24.438, 15 %, 13473 MiB
2026/10/08 18:31:25.448, 18 %, 13473 MiB
2026/10/08 18:31:26.458, 24 %, 13473 MiB
2026/10/08 18:31:27.469, 36 %, 13473 MiB
2026/10/08 18:31:28.478, 18 %, 13473 MiB
2026/10/08 18:31:29.485, 22 %, 13473 MiB
2026/10/08 18:31:30.493, 19 %, 13473 MiB
2026/10/08 18:31:31.502, 33 %, 13473 MiB
2026/10/08 18:31:32.511, 18 %, 13473 MiB
2026/10/08 18:31:33.521, 34 %, 13473 MiB
2026/10/08 18:31:34.533, 19 %, 13473 MiB
2026/10/08 18:31:35.539, 41 %, 13473 MiB
2026/10/08 18:31:36.550, 14 %, 13473 MiB
2026/10/08 18:31:37.562, 21 %, 13473 MiB
2026/10/08 18:31:38.566, 17 %, 13473 MiB
2026/10/08 18:31:39.575, 20 %, 13473 MiB
2026/10/08 18:31:40.578, 27 %, 13473 MiB
2026/10/08 18:31:41.585, 35 %, 13473 MiB
2026/10/08 18:31:42.591, 17 %, 13473 MiB
2026/10/08 18:31:43.607, 17 %, 13473 MiB
2026/10/08 18:31:44.607, 19 %, 13473 MiB
2026/10/08 18:31:45.619, 35 %, 13473 MiB
2026/10/08 18:31:46.631, 23 %, 13473 MiB
2026/10/08 18:31:47.641, 30 %, 13473 MiB
2026/10/08 18:31:48.655, 19 %, 13473 MiB
2026/10/08 18:31:49.656, 35 %, 13473 MiB
2026/10/08 18:31:50.668, 23 %, 13473 MiB
2026/10/08 18:31:51.680, 33 %, 13473 MiB
2026/10/08 18:31:52.692, 33 %, 13473 MiB
2026/10/08 18:31:53.705, 38 %, 13487 MiB
2026/10/08 18:31:54.716, 13 %, 13487 MiB
2026/10/08 18:31:55.724, 32 %, 13484 MiB
2026/10/08 18:31:56.732, 27 %, 13484 MiB
2026/10/08 18:31:57.742, 25 %, 13484 MiB
2026/10/08 18:31:58.748, 34 %, 13484 MiB
2026/10/08 18:31:59.759, 21 %, 13484 MiB
2026/10/08 18:32:00.770, 18 %, 13484 MiB
2026/10/08 18:32:01.780, 29 %, 13484 MiB
2026/10/08 18:32:02.792, 21 %, 13484 MiB
2026/10/08 18:32:03.799, 14 %, 13484 MiB
2026/10/08 18:32:04.812, 39 %, 13484 MiB
2026/10/08 18:32:05.826, 18 %, 13484 MiB
2026/10/08 18:32:06.839, 20 %, 13484 MiB
2026/10/08 18:32:07.852, 28 %, 13484 MiB
2026/10/08 18:32:08.862, 19 %, 13484 MiB
2026/10/08 18:32:09.863, 14 %, 13484 MiB
2026/10/08 18:32:10.872, 22 %, 13484 MiB
2026/10/08 18:32:11.877, 21 %, 13484 MiB
2026/10/08 18:32:12.885, 10 %, 13484 MiB
2026/10/08 18:32:13.894, 18 %, 13485 MiB
2026/10/08 18:32:14.902, 17 %, 13485 MiB
2026/10/08 18:32:15.914, 21 %, 13485 MiB
2026/10/08 18:32:16.927, 16 %, 13485 MiB
2026/10/08 18:32:17.940, 22 %, 13485 MiB
2026/10/08 18:32:18.951, 35 %, 13485 MiB
2026/10/08 18:32:19.958, 19 %, 13485 MiB
2026/10/08 18:32:20.972, 32 %, 13485 MiB
2026/10/08 18:32:21.982, 18 %, 13485 MiB
2026/10/08 18:32:22.991, 17 %, 13473 MiB
2026/10/08 18:32:23.998, 22 %, 13473 MiB
2026/10/08 18:32:25.013, 28 %, 13471 MiB
2026/10/08 18:32:26.022, 24 %, 13486 MiB
2026/10/08 18:32:27.031, 16 %, 13486 MiB
2026/10/08 18:32:28.043, 32 %, 13485 MiB
2026/10/08 18:32:29.051, 36 %, 13485 MiB
2026/10/08 18:32:30.064, 35 %, 13485 MiB
2026/10/08 18:32:31.075, 18 %, 13485 MiB
2026/10/08 18:32:32.082, 21 %, 13485 MiB
2026/10/08 18:32:33.089, 17 %, 13485 MiB
2026/10/08 18:32:34.095, 21 %, 13485 MiB
2026/10/08 18:32:35.098, 19 %, 13485 MiB
2026/10/08 18:32:36.102, 18 %, 13485 MiB
2026/10/08 18:32:37.106, 16 %, 13485 MiB
2026/10/08 18:32:38.116, 31 %, 13485 MiB
2026/10/08 18:32:39.118, 19 %, 13485 MiB
2026/10/08 18:32:40.123, 17 %, 13485 MiB
2026/10/08 18:32:41.130, 15 %, 13485 MiB
2026/10/08 18:32:42.139, 18 %, 13485 MiB
2026/10/08 18:32:43.139, 20 %, 13485 MiB
2026/10/08 18:32:44.143, 17 %, 13485 MiB
2026/10/08 18:32:45.159, 22 %, 13485 MiB
2026/10/08 18:32:46.167, 25 %, 13485 MiB
2026/10/08 18:32:47.181, 24 %, 13485 MiB
2026/10/08 18:32:48.191, 19 %, 13485 MiB
2026/10/08 18:32:49.200, 31 %, 13485 MiB
2026/10/08 18:32:50.211, 18 %, 13485 MiB
2026/10/08 18:32:51.224, 18 %, 13485 MiB
2026/10/08 18:32:52.230, 10 %, 13485 MiB
2026/10/08 18:32:53.233, 14 %, 13453 MiB
2026/10/08 18:32:54.237, 47 %, 13470 MiB
2026/10/08 18:32:55.248, 18 %, 13458 MiB
2026/10/08 18:32:56.250, 0 %, 13474 MiB
2026/10/08 18:32:57.259, 0 %, 13474 MiB
2026/10/08 18:32:58.267, 1 %, 1690 MiB
2026/10/08 18:32:59.269, 0 %, 1702 MiB
2026/10/08 18:33:00.269, 0 %, 1702 MiB
2026/10/08 18:33:01.274, 0 %, 1702 MiB
2026/10/08 18:33:02.285, 0 %, 1702 MiB
2026/10/08 18:33:03.287, 2 %, 1702 MiB
2026/10/08 18:33:04.303, 1 %, 1698 MiB
2026/10/08 18:33:05.304, 2 %, 1698 MiB
2026/10/08 18:33:06.304, 0 %, 1698 MiB
2026/10/08 18:33:07.320, 1 %, 1689 MiB
2026/10/08 18:33:08.321, 2 %, 1689 MiB
2026/10/08 18:33:09.322, 3 %, 1699 MiB
2026/10/08 18:33:10.328, 11 %, 1747 MiB
2026/10/08 18:33:11.335, 14 %, 1793 MiB
2026/10/08 18:33:12.341, 0 %, 1788 MiB
2026/10/08 18:33:13.357, 1 %, 1788 MiB
2026/10/08 18:33:14.358, 1 %, 1787 MiB
2026/10/08 18:33:15.369, 2 %, 1805 MiB
2026/10/08 18:33:16.374, 1 %, 1781 MiB
2026/10/08 18:33:17.376, 0 %, 1773 MiB
2026/10/08 18:33:18.377, 1 %, 1769 MiB
2026/10/08 18:33:19.380, 1 %, 1770 MiB
2026/10/08 18:33:20.385, 1 %, 1778 MiB
2026/10/08 18:33:21.394, 1 %, 1780 MiB
2026/10/08 18:33:22.396, 1 %, 1803 MiB
2026/10/08 18:33:23.411, 0 %, 1803 MiB
2026/10/08 18:33:24.412, 1 %, 1798 MiB
2026/10/08 18:33:25.413, 0 %, 1791 MiB
2026/10/08 18:33:26.428, 1 %, 1780 MiB
2026/10/08 18:33:27.431, 1 %, 1748 MiB
2026/10/08 18:33:28.446, 1 %, 1745 MiB
2026/10/08 18:33:29.447, 1 %, 1745 MiB
2026/10/08 18:33:30.448, 1 %, 1745 MiB
2026/10/08 18:33:31.448, 1 %, 1745 MiB
2026/10/08 18:33:32.448, 1 %, 1745 MiB
2026/10/08 18:33:33.449, 1 %, 1744 MiB
2026/10/08 18:33:34.450, 1 %, 1744 MiB
2026/10/08 18:33:35.450, 1 %, 1744 MiB
2026/10/08 18:33:36.453, 1 %, 1758 MiB
2026/10/08 18:33:37.454, 1 %, 1758 MiB
2026/10/08 18:33:38.469, 1 %, 1754 MiB
2026/10/08 18:33:39.470, 0 %, 1754 MiB
2026/10/08 18:33:40.470, 1 %, 1754 MiB
2026/10/08 18:33:41.486, 1 %, 1748 MiB
2026/10/08 18:33:42.486, 1 %, 1753 MiB
2026/10/08 18:33:43.487, 1 %, 1753 MiB
2026/10/08 18:33:44.488, 1 %, 1759 MiB
2026/10/08 18:33:45.488, 1 %, 1759 MiB
2026/10/08 18:33:46.505, 3 %, 1792 MiB
2026/10/08 18:33:47.506, 0 %, 1788 MiB
2026/10/08 18:33:48.508, 0 %, 1788 MiB
2026/10/08 18:33:49.509, 1 %, 1792 MiB
2026/10/08 18:33:50.509, 0 %, 1792 MiB
2026/10/08 18:33:51.509, 1 %, 1792 MiB
2026/10/08 18:33:52.510, 1 %, 1793 MiB
2026/10/08 18:33:53.512, 1 %, 1798 MiB
2026/10/08 18:33:54.513, 1 %, 1791 MiB
2026/10/08 18:33:55.515, 1 %, 1788 MiB
2026/10/08 18:33:56.527, 1 %, 1798 MiB
2026/10/08 18:33:57.527, 1 %, 1801 MiB
2026/10/08 18:33:58.531, 2 %, 1807 MiB
2026/10/08 18:33:59.543, 1 %, 1810 MiB
2026/10/08 18:34:00.545, 2 %, 1826 MiB
2026/10/08 18:34:01.547, 6 %, 1827 MiB
2026/10/08 18:34:02.547, 2 %, 1835 MiB
2026/10/08 18:34:03.563, 1 %, 1829 MiB
2026/10/08 18:34:04.564, 3 %, 1815 MiB
2026/10/08 18:34:05.567, 1 %, 1816 MiB
2026/10/08 18:34:06.579, 10 %, 1837 MiB
2026/10/08 18:34:07.581, 0 %, 1839 MiB
2026/10/08 18:34:08.582, 1 %, 1847 MiB
2026/10/08 18:34:09.583, 1 %, 1840 MiB
2026/10/08 18:34:10.598, 1 %, 1837 MiB
2026/10/08 18:34:11.600, 1 %, 1826 MiB
2026/10/08 18:34:12.600, 1 %, 1826 MiB
2026/10/08 18:34:13.601, 1 %, 1828 MiB
2026/10/08 18:34:14.602, 1 %, 1828 MiB
2026/10/08 18:34:15.603, 1 %, 1822 MiB
2026/10/08 18:34:16.603, 1 %, 1820 MiB
2026/10/08 18:34:17.618, 1 %, 1817 MiB
2026/10/08 18:34:18.619, 3 %, 1820 MiB
2026/10/08 18:34:19.634, 0 %, 1832 MiB
2026/10/08 18:34:20.637, 0 %, 1832 MiB
2026/10/08 18:34:21.638, 0 %, 1837 MiB
2026/10/08 18:34:22.638, 1 %, 1839 MiB
2026/10/08 18:34:23.651, 1 %, 1825 MiB
2026/10/08 18:34:24.667, 1 %, 1825 MiB
2026/10/08 18:34:25.680, 2 %, 1829 MiB
2026/10/08 18:34:26.689, 1 %, 1828 MiB
2026/10/08 18:34:27.700, 11 %, 1803 MiB
2026/10/08 18:34:28.711, 0 %, 1803 MiB
2026/10/08 18:34:29.723, 0 %, 1803 MiB
2026/10/08 18:34:30.733, 0 %, 1803 MiB
2026/10/08 18:34:31.745, 0 %, 1792 MiB
2026/10/08 18:34:32.755, 0 %, 1787 MiB
2026/10/08 18:34:33.765, 0 %, 1787 MiB
2026/10/08 18:34:34.779, 0 %, 1787 MiB
2026/10/08 18:34:35.782, 0 %, 1787 MiB
2026/10/08 18:34:36.797, 0 %, 1787 MiB
2026/10/08 18:34:37.800, 0 %, 1787 MiB
2026/10/08 18:34:38.801, 0 %, 1787 MiB
2026/10/08 18:34:39.804, 0 %, 1787 MiB
2026/10/08 18:34:40.808, 0 %, 1787 MiB
2026/10/08 18:34:41.823, 0 %, 1787 MiB
2026/10/08 18:34:42.826, 0 %, 1787 MiB
2026/10/08 18:34:43.826, 2 %, 1787 MiB
2026/10/08 18:34:44.830, 1 %, 1787 MiB
2026/10/08 18:34:45.832, 0 %, 1787 MiB
2026/10/08 18:34:46.835, 1 %, 1787 MiB
2026/10/08 18:34:47.836, 0 %, 1787 MiB
2026/10/08 18:34:48.851, 0 %, 1787 MiB
2026/10/08 18:34:49.854, 0 %, 1787 MiB
2026/10/08 18:34:50.859, 0 %, 1787 MiB
2026/10/08 18:34:51.861, 0 %, 1787 MiB
2026/10/08 18:34:52.876, 0 %, 1787 MiB
2026/10/08 18:34:53.883, 0 %, 1787 MiB
2026/10/08 18:34:54.888, 1 %, 1787 MiB
2026/10/08 18:34:55.893, 0 %, 1787 MiB
2026/10/08 18:34:56.893, 0 %, 1844 MiB
2026/10/08 18:34:57.908, 2 %, 1835 MiB
2026/10/08 18:34:58.923, 2 %, 1771 MiB
2026/10/08 18:34:59.936, 2 %, 1779 MiB
2026/10/08 18:35:00.937, 0 %, 1785 MiB
2026/10/08 18:35:01.940, 1 %, 1794 MiB
2026/10/08 18:35:02.941, 0 %, 1794 MiB
2026/10/08 18:35:03.956, 1 %, 1795 MiB
2026/10/08 18:35:04.957, 1 %, 1801 MiB
2026/10/08 18:35:05.960, 1 %, 1800 MiB
2026/10/08 18:35:06.972, 1 %, 1797 MiB
2026/10/08 18:35:07.978, 2 %, 1796 MiB
2026/10/08 18:35:08.986, 14 %, 1796 MiB
2026/10/08 18:35:10.001, 0 %, 1796 MiB
2026/10/08 18:35:11.015, 1 %, 1795 MiB
2026/10/08 18:35:12.019, 1 %, 1795 MiB
2026/10/08 18:35:13.033, 1 %, 1842 MiB
2026/10/08 18:35:14.049, 0 %, 1842 MiB
2026/10/08 18:35:15.061, 1 %, 1848 MiB
2026/10/08 18:35:16.063, 1 %, 1783 MiB
2026/10/08 18:35:17.076, 4 %, 1779 MiB
2026/10/08 18:35:18.088, 0 %, 1792 MiB
2026/10/08 18:35:19.096, 1 %, 1805 MiB
2026/10/08 18:35:20.102, 0 %, 1806 MiB
2026/10/08 18:35:21.115, 1 %, 1810 MiB
2026/10/08 18:35:22.131, 1 %, 1843 MiB
2026/10/08 18:35:23.132, 1 %, 1838 MiB
2026/10/08 18:35:24.132, 0 %, 1834 MiB
2026/10/08 18:35:25.133, 5 %, 1836 MiB
2026/10/08 18:35:26.149, 6 %, 1822 MiB
2026/10/08 18:35:27.150, 4 %, 1802 MiB
2026/10/08 18:35:28.167, 33 %, 1805 MiB
2026/10/08 18:35:29.181, 0 %, 1810 MiB
2026/10/08 18:35:30.184, 0 %, 1804 MiB
2026/10/08 18:35:31.188, 0 %, 1804 MiB
2026/10/08 18:35:32.191, 0 %, 1804 MiB
2026/10/08 18:35:33.196, 1 %, 1790 MiB
2026/10/08 18:35:34.197, 1 %, 1782 MiB
2026/10/08 18:35:35.202, 2 %, 1782 MiB
2026/10/08 18:35:36.216, 5 %, 1782 MiB
2026/10/08 18:35:37.220, 3 %, 1785 MiB
2026/10/08 18:35:38.229, 6 %, 1785 MiB
2026/10/08 18:35:39.239, 5 %, 1784 MiB
2026/10/08 18:35:40.256, 6 %, 1790 MiB
2026/10/08 18:35:41.256, 5 %, 1790 MiB
2026/10/08 18:35:42.261, 8 %, 1790 MiB
2026/10/08 18:35:43.264, 4 %, 1784 MiB
2026/10/08 18:35:44.269, 1 %, 1785 MiB
2026/10/08 18:35:45.274, 1 %, 1785 MiB
2026/10/08 18:35:46.287, 3 %, 1785 MiB
2026/10/08 18:35:47.293, 5 %, 1787 MiB
2026/10/08 18:35:48.306, 0 %, 1787 MiB
2026/10/08 18:35:49.320, 1 %, 1787 MiB
2026/10/08 18:35:50.331, 2 %, 1787 MiB
2026/10/08 18:35:51.346, 3 %, 1787 MiB
2026/10/08 18:35:52.360, 2 %, 1755 MiB
2026/10/08 18:35:53.367, 0 %, 1771 MiB
2026/10/08 18:35:54.370, 0 %, 1771 MiB
2026/10/08 18:35:55.381, 0 %, 1787 MiB
2026/10/08 18:35:56.383, 0 %, 1787 MiB
2026/10/08 18:35:57.385, 1 %, 1787 MiB
2026/10/08 18:35:58.388, 1 %, 1787 MiB
2026/10/08 18:35:59.402, 2 %, 1789 MiB
2026/10/08 18:36:00.403, 2 %, 1789 MiB
2026/10/08 18:36:01.418, 2 %, 1789 MiB
2026/10/08 18:36:02.432, 2 %, 1789 MiB
2026/10/08 18:36:03.436, 0 %, 1789 MiB
2026/10/08 18:36:04.450, 0 %, 1789 MiB
2026/10/08 18:36:05.456, 2 %, 1789 MiB
2026/10/08 18:36:06.459, 1 %, 1789 MiB
2026/10/08 18:36:07.472, 2 %, 1789 MiB
2026/10/08 18:36:08.485, 1 %, 1789 MiB
2026/10/08 18:36:09.496, 3 %, 1789 MiB
2026/10/08 18:36:10.497, 2 %, 1789 MiB
2026/10/08 18:36:11.500, 2 %, 1789 MiB
2026/10/08 18:36:12.516, 2 %, 1789 MiB
2026/10/08 18:36:13.526, 1 %, 1789 MiB
2026/10/08 18:36:14.528, 0 %, 1789 MiB
2026/10/08 18:36:15.533, 0 %, 1789 MiB
2026/10/08 18:36:16.535, 1 %, 1786 MiB
2026/10/08 18:36:17.549, 1 %, 1786 MiB
2026/10/08 18:36:18.565, 0 %, 1786 MiB
2026/10/08 18:36:19.577, 0 %, 1786 MiB
2026/10/08 18:36:20.592, 0 %, 1786 MiB
2026/10/08 18:36:21.595, 0 %, 1786 MiB
2026/10/08 18:36:22.601, 0 %, 1786 MiB
2026/10/08 18:36:23.614, 0 %, 1786 MiB
2026/10/08 18:36:24.616, 0 %, 1786 MiB
2026/10/08 18:36:25.631, 0 %, 1786 MiB
2026/10/08 18:36:26.647, 0 %, 1786 MiB
2026/10/08 18:36:27.663, 0 %, 1786 MiB
2026/10/08 18:36:28.679, 0 %, 1786 MiB
2026/10/08 18:36:29.682, 0 %, 1786 MiB
2026/10/08 18:36:30.684, 0 %, 1786 MiB
2026/10/08 18:36:31.686, 0 %, 1786 MiB
2026/10/08 18:36:32.702, 0 %, 1786 MiB
2026/10/08 18:36:33.704, 0 %, 1786 MiB
2026/10/08 18:36:34.718, 0 %, 1786 MiB
2026/10/08 18:36:35.722, 0 %, 1786 MiB
2026/10/08 18:36:36.725, 0 %, 1786 MiB
2026/10/08 18:36:37.725, 0 %, 1786 MiB
2026/10/08 18:36:38.741, 0 %, 1786 MiB
2026/10/08 18:36:39.757, 0 %, 1786 MiB
2026/10/08 18:36:40.772, 0 %, 1786 MiB
2026/10/08 18:36:41.774, 0 %, 1786 MiB
2026/10/08 18:36:42.789, 0 %, 1786 MiB
2026/10/08 18:36:43.805, 0 %, 1786 MiB
2026/10/08 18:36:44.820, 0 %, 1786 MiB
2026/10/08 18:36:45.822, 0 %, 1786 MiB
2026/10/08 18:36:46.826, 0 %, 1786 MiB
2026/10/08 18:36:47.827, 0 %, 1786 MiB
2026/10/08 18:36:48.842, 0 %, 1786 MiB
2026/10/08 18:36:49.843, 0 %, 1786 MiB
2026/10/08 18:36:50.844, 0 %, 1786 MiB
2026/10/08 18:36:51.859, 0 %, 1786 MiB
2026/10/08 18:36:52.862, 0 %, 1786 MiB
2026/10/08 18:36:53.863, 0 %, 1786 MiB
2026/10/08 18:36:54.865, 0 %, 1786 MiB
2026/10/08 18:36:55.868, 0 %, 1786 MiB
2026/10/08 18:36:56.869, 0 %, 1786 MiB
2026/10/08 18:36:57.870, 0 %, 1786 MiB
2026/10/08 18:36:58.884, 0 %, 1779 MiB
2026/10/08 18:36:59.886, 0 %, 1775 MiB
2026/10/08 18:37:00.901, 1 %, 1775 MiB
2026/10/08 18:37:01.916, 0 %, 1775 MiB
2026/10/08 18:37:02.930, 0 %, 1775 MiB
2026/10/08 18:37:03.945, 0 %, 1775 MiB
2026/10/08 18:37:04.955, 0 %, 1775 MiB
2026/10/08 18:37:05.970, 0 %, 1775 MiB
2026/10/08 18:37:06.971, 0 %, 1775 MiB
2026/10/08 18:37:07.985, 0 %, 1775 MiB
2026/10/08 18:37:08.985, 0 %, 1775 MiB
2026/10/08 18:37:09.999, 0 %, 1775 MiB
2026/10/08 18:37:11.014, 0 %, 1775 MiB
2026/10/08 18:37:12.017, 0 %, 1775 MiB
2026/10/08 18:37:13.033, 0 %, 1775 MiB
2026/10/08 18:37:14.048, 0 %, 1775 MiB
2026/10/08 18:37:15.060, 0 %, 1775 MiB
2026/10/08 18:37:16.062, 0 %, 1775 MiB
2026/10/08 18:37:17.076, 0 %, 1775 MiB
2026/10/08 18:37:18.090, 0 %, 1775 MiB
2026/10/08 18:37:19.090, 0 %, 1775 MiB
2026/10/08 18:37:20.093, 0 %, 1775 MiB
2026/10/08 18:37:21.095, 0 %, 1775 MiB
2026/10/08 18:37:22.107, 0 %, 1775 MiB
2026/10/08 18:37:23.111, 0 %, 1775 MiB
2026/10/08 18:37:24.124, 0 %, 1775 MiB
2026/10/08 18:37:25.126, 0 %, 1775 MiB
2026/10/08 18:37:26.140, 0 %, 1775 MiB
2026/10/08 18:37:27.144, 0 %, 1775 MiB
2026/10/08 18:37:28.159, 0 %, 1775 MiB
2026/10/08 18:37:29.175, 0 %, 1775 MiB
2026/10/08 18:37:30.177, 0 %, 1775 MiB
2026/10/08 18:37:31.191, 0 %, 1775 MiB
2026/10/08 18:37:32.192, 0 %, 1775 MiB
2026/10/08 18:37:33.194, 0 %, 1775 MiB
2026/10/08 18:37:34.197, 0 %, 1775 MiB
2026/10/08 18:37:35.198, 0 %, 1775 MiB
2026/10/08 18:37:36.201, 0 %, 1775 MiB
2026/10/08 18:37:37.202, 0 %, 1775 MiB
2026/10/08 18:37:38.206, 0 %, 1775 MiB
2026/10/08 18:37:39.207, 1 %, 1775 MiB
2026/10/08 18:37:40.222, 0 %, 1775 MiB
2026/10/08 18:37:41.223, 0 %, 1775 MiB
2026/10/08 18:37:42.227, 0 %, 1775 MiB
2026/10/08 18:37:43.230, 0 %, 1775 MiB
2026/10/08 18:37:44.244, 1 %, 1775 MiB
2026/10/08 18:37:45.260, 0 %, 1775 MiB
2026/10/08 18:37:46.265, 0 %, 1775 MiB
2026/10/08 18:37:47.281, 0 %, 1775 MiB
2026/10/08 18:37:48.297, 0 %, 1775 MiB
2026/10/08 18:37:49.298, 0 %, 1775 MiB
2026/10/08 18:37:50.311, 0 %, 1775 MiB
2026/10/08 18:37:51.316, 0 %, 1775 MiB
2026/10/08 18:37:52.316, 0 %, 1775 MiB
2026/10/08 18:37:53.320, 0 %, 1775 MiB
2026/10/08 18:37:54.336, 0 %, 1775 MiB
2026/10/08 18:37:55.340, 0 %, 1775 MiB
2026/10/08 18:37:56.341, 0 %, 1775 MiB
2026/10/08 18:37:57.344, 0 %, 1775 MiB
2026/10/08 18:37:58.360, 0 %, 1775 MiB
2026/10/08 18:37:59.376, 0 %, 1775 MiB
2026/10/08 18:38:00.377, 1 %, 1775 MiB
2026/10/08 18:38:01.380, 0 %, 1775 MiB
2026/10/08 18:38:02.395, 0 %, 1775 MiB
2026/10/08 18:38:03.410, 0 %, 1775 MiB
2026/10/08 18:38:04.413, 0 %, 1775 MiB
2026/10/08 18:38:05.417, 0 %, 1775 MiB
2026/10/08 18:38:06.431, 0 %, 1775 MiB
2026/10/08 18:38:07.434, 0 %, 1775 MiB
2026/10/08 18:38:08.447, 0 %, 1775 MiB
2026/10/08 18:38:09.450, 0 %, 1775 MiB
2026/10/08 18:38:10.465, 0 %, 1775 MiB
2026/10/08 18:38:11.469, 0 %, 1775 MiB
2026/10/08 18:38:12.482, 1 %, 1775 MiB
2026/10/08 18:38:13.489, 1 %, 1775 MiB
2026/10/08 18:38:14.505, 0 %, 1775 MiB
2026/10/08 18:38:15.521, 0 %, 1775 MiB
2026/10/08 18:38:16.534, 0 %, 1775 MiB
2026/10/08 18:38:17.549, 1 %, 1775 MiB
2026/10/08 18:38:18.549, 0 %, 1775 MiB
2026/10/08 18:38:19.550, 0 %, 1775 MiB
2026/10/08 18:38:20.553, 0 %, 1775 MiB
2026/10/08 18:38:21.560, 0 %, 1775 MiB
2026/10/08 18:38:22.563, 1 %, 1775 MiB
2026/10/08 18:38:23.565, 0 %, 1775 MiB
2026/10/08 18:38:24.579, 0 %, 1775 MiB
2026/10/08 18:38:25.592, 1 %, 1775 MiB
2026/10/08 18:38:26.593, 1 %, 1775 MiB
2026/10/08 18:38:27.598, 2 %, 1775 MiB
2026/10/08 18:38:28.603, 1 %, 1775 MiB
2026/10/08 18:38:29.617, 1 %, 1775 MiB
2026/10/08 18:38:30.623, 1 %, 1775 MiB
2026/10/08 18:38:31.625, 1 %, 1775 MiB
2026/10/08 18:38:32.628, 1 %, 1775 MiB
2026/10/08 18:38:33.632, 1 %, 1775 MiB
2026/10/08 18:38:34.638, 1 %, 1775 MiB
2026/10/08 18:38:35.651, 1 %, 1775 MiB
2026/10/08 18:38:36.667, 1 %, 1775 MiB
2026/10/08 18:38:37.673, 0 %, 1775 MiB
2026/10/08 18:38:38.688, 0 %, 1775 MiB
2026/10/08 18:38:39.690, 2 %, 1775 MiB
2026/10/08 18:38:40.703, 0 %, 1775 MiB
2026/10/08 18:38:41.716, 0 %, 1775 MiB
2026/10/08 18:38:42.731, 2 %, 1775 MiB
2026/10/08 18:38:43.732, 0 %, 1775 MiB
2026/10/08 18:38:44.735, 0 %, 1775 MiB
2026/10/08 18:38:45.749, 3 %, 1775 MiB
2026/10/08 18:38:46.751, 0 %, 1775 MiB
2026/10/08 18:38:47.752, 0 %, 1775 MiB
2026/10/08 18:38:48.766, 1 %, 1775 MiB
2026/10/08 18:38:49.780, 1 %, 1758 MiB
2026/10/08 18:38:50.794, 1 %, 1758 MiB
2026/10/08 18:38:51.796, 1 %, 1756 MiB
2026/10/08 18:38:52.808, 1 %, 1756 MiB
2026/10/08 18:38:53.823, 1 %, 1756 MiB
2026/10/08 18:38:54.837, 0 %, 1756 MiB
2026/10/08 18:38:55.853, 0 %, 1756 MiB
2026/10/08 18:38:56.856, 0 %, 1756 MiB
2026/10/08 18:38:57.872, 1 %, 1756 MiB
2026/10/08 18:38:58.883, 1 %, 1756 MiB
2026/10/08 18:38:59.886, 1 %, 1754 MiB
2026/10/08 18:39:00.899, 2 %, 1757 MiB
2026/10/08 18:39:01.910, 2 %, 1760 MiB
2026/10/08 18:39:02.920, 3 %, 1757 MiB
2026/10/08 18:39:03.927, 1 %, 1758 MiB
2026/10/08 18:39:04.939, 1 %, 1758 MiB
2026/10/08 18:39:05.947, 2 %, 1758 MiB
2026/10/08 18:39:06.959, 1 %, 1757 MiB
2026/10/08 18:39:07.961, 2 %, 1759 MiB
2026/10/08 18:39:08.970, 1 %, 1759 MiB
2026/10/08 18:39:09.978, 2 %, 1759 MiB
2026/10/08 18:39:10.988, 2 %, 1758 MiB
2026/10/08 18:39:11.994, 2 %, 1756 MiB
2026/10/08 18:39:13.001, 1 %, 1756 MiB
2026/10/08 18:39:14.015, 1 %, 1757 MiB
2026/10/08 18:39:15.019, 1 %, 1757 MiB
2026/10/08 18:39:16.029, 1 %, 1758 MiB
2026/10/08 18:39:17.038, 1 %, 1758 MiB
2026/10/08 18:39:18.046, 2 %, 1758 MiB
2026/10/08 18:39:19.047, 2 %, 1744 MiB
2026/10/08 18:39:20.051, 2 %, 1744 MiB
2026/10/08 18:39:21.054, 2 %, 1743 MiB
2026/10/08 18:39:22.066, 2 %, 1745 MiB
2026/10/08 18:39:23.069, 2 %, 1745 MiB
2026/10/08 18:39:24.081, 2 %, 1745 MiB
2026/10/08 18:39:25.088, 1 %, 1745 MiB
2026/10/08 18:39:26.098, 1 %, 1745 MiB
2026/10/08 18:39:27.104, 1 %, 1745 MiB
2026/10/08 18:39:28.116, 1 %, 1745 MiB
2026/10/08 18:39:29.121, 2 %, 1748 MiB
2026/10/08 18:39:30.127, 3 %, 1749 MiB
2026/10/08 18:39:31.142, 1 %, 1749 MiB
2026/10/08 18:39:32.154, 1 %, 1747 MiB
2026/10/08 18:39:33.166, 2 %, 1747 MiB
2026/10/08 18:39:34.181, 2 %, 1745 MiB
2026/10/08 18:39:35.193, 2 %, 1745 MiB
2026/10/08 18:39:36.194, 2 %, 1745 MiB
2026/10/08 18:39:37.200, 2 %, 1745 MiB
2026/10/08 18:39:38.212, 2 %, 1745 MiB
2026/10/08 18:39:39.212, 2 %, 1745 MiB
2026/10/08 18:39:40.214, 2 %, 1749 MiB
2026/10/08 18:39:41.220, 2 %, 1753 MiB
2026/10/08 18:39:42.223, 1 %, 1753 MiB
2026/10/08 18:39:43.231, 2 %, 1753 MiB
2026/10/08 18:39:44.246, 2 %, 1753 MiB
2026/10/08 18:39:45.257, 1 %, 1753 MiB
2026/10/08 18:39:46.266, 1 %, 1746 MiB
2026/10/08 18:39:47.277, 2 %, 1741 MiB
2026/10/08 18:39:48.285, 1 %, 1741 MiB
2026/10/08 18:39:49.296, 1 %, 1741 MiB
2026/10/08 18:39:50.308, 1 %, 1741 MiB
2026/10/08 18:39:51.320, 1 %, 1741 MiB
2026/10/08 18:39:52.335, 0 %, 1741 MiB
2026/10/08 18:39:53.340, 1 %, 1741 MiB
2026/10/08 18:39:54.343, 2 %, 1756 MiB
2026/10/08 18:39:55.350, 3 %, 1763 MiB
2026/10/08 18:39:56.356, 2 %, 1761 MiB
2026/10/08 18:39:57.362, 4 %, 1761 MiB
2026/10/08 18:39:58.368, 1 %, 1761 MiB
2026/10/08 18:39:59.379, 1 %, 1761 MiB
2026/10/08 18:40:00.390, 1 %, 1754 MiB
2026/10/08 18:40:01.397, 2 %, 1754 MiB
2026/10/08 18:40:02.403, 1 %, 1752 MiB
2026/10/08 18:40:03.415, 3 %, 1757 MiB
2026/10/08 18:40:04.419, 2 %, 1759 MiB
2026/10/08 18:40:05.431, 2 %, 1759 MiB
2026/10/08 18:40:06.441, 1 %, 1759 MiB
2026/10/08 18:40:07.455, 2 %, 1754 MiB
2026/10/08 18:40:08.456, 1 %, 1751 MiB
2026/10/08 18:40:09.468, 2 %, 1751 MiB
2026/10/08 18:40:10.470, 1 %, 1751 MiB
2026/10/08 18:40:11.478, 2 %, 1751 MiB
2026/10/08 18:40:12.488, 2 %, 1751 MiB
2026/10/08 18:40:13.501, 1 %, 1751 MiB
2026/10/08 18:40:14.503, 1 %, 1751 MiB
2026/10/08 18:40:15.517, 16 %, 3461 MiB
2026/10/08 18:40:16.523, 2 %, 3461 MiB
2026/10/08 18:40:17.530, 1 %, 3461 MiB
2026/10/08 18:40:18.543, 1 %, 3461 MiB
2026/10/08 18:40:19.554, 1 %, 3483 MiB
2026/10/08 18:40:20.561, 2 %, 3807 MiB
2026/10/08 18:40:21.565, 2 %, 4071 MiB
2026/10/08 18:40:22.574, 6 %, 4335 MiB
2026/10/08 18:40:23.580, 7 %, 4666 MiB
2026/10/08 18:40:24.590, 13 %, 4977 MiB
2026/10/08 18:40:25.593, 12 %, 5312 MiB
2026/10/08 18:40:26.602, 9 %, 5580 MiB
2026/10/08 18:40:27.604, 12 %, 5843 MiB
2026/10/08 18:40:28.615, 11 %, 6187 MiB
2026/10/08 18:40:29.626, 12 %, 6499 MiB
2026/10/08 18:40:30.632, 10 %, 6823 MiB
2026/10/08 18:40:31.642, 12 %, 7133 MiB
2026/10/08 18:40:32.649, 12 %, 7410 MiB
2026/10/08 18:40:33.655, 12 %, 7740 MiB
2026/10/08 18:40:34.664, 7 %, 8066 MiB
2026/10/08 18:40:35.677, 12 %, 8349 MiB
2026/10/08 18:40:36.691, 13 %, 8699 MiB
2026/10/08 18:40:37.699, 12 %, 8984 MiB
2026/10/08 18:40:38.713, 12 %, 9336 MiB
2026/10/08 18:40:39.725, 11 %, 1760 MiB
2026/10/08 18:40:40.733, 2 %, 1757 MiB
2026/10/08 18:40:41.741, 2 %, 1757 MiB
2026/10/08 18:40:42.742, 1 %, 1755 MiB
2026/10/08 18:40:43.751, 1 %, 1755 MiB
2026/10/08 18:40:44.763, 2 %, 1751 MiB
2026/10/08 18:40:45.772, 1 %, 1747 MiB
2026/10/08 18:40:46.777, 1 %, 1747 MiB
2026/10/08 18:40:47.782, 0 %, 1747 MiB
